full_name,dob,mobile,email_address,residence,job,salary,zip_code,state_name,country_of_residence
Jennifer Taylor,1979-01-27,+1-339-531-7253x500,ybell@example.com,"45346 Reynolds Camp Suite 015
Rachelmouth, MA 65976",Consulting civil engineer,49661,03617,Massachusetts,Philippines
Tamara Carter,1969-04-12,(956)969-7326,monicafletcher@example.com,"978 Robert Keys Suite 974
New Shannon, MD 06995","Nurse, learning disability",120253,41475,Louisiana,Andorra
Daniel Bates,1966-07-27,+1-247-670-8779,perryerin@example.net,"Unit 2925 Box 2322
DPO AA 91198",Equities trader,44425,57611,West Virginia,Guam
Andrea Wright,1973-11-01,001-853-278-2412,wcox@example.org,"872 Strong Hills
Kennethhaven, NJ 50824",Financial trader,133088,20759,South Dakota,Venezuela
Mr. Brian Olson,2000-12-24,712-648-4234x817,jacobvillanueva@example.net,"4548 Andrew Plains
North Karenburgh, NV 74486","Pharmacist, community",32492,91943,Ohio,Belgium
Theresa Howard,2002-11-14,734.213.7548,idavis@example.org,"1057 Jaime Island
New Timothyshire, RI 17140",IT trainer,68667,06190,Nebraska,Norway
Tammy Wright,2003-10-07,965-878-2850x65833,arthur64@example.org,"50136 David Groves Apt. 638
North Kellyview, NC 24136",Electrical engineer,103041,21162,Arizona,Venezuela
Ellen Mcclure,1992-09-05,343.240.1545x729,fmarshall@example.com,"USNS Donaldson
FPO AP 71387",Database administrator,146410,36693,Vermont,British Virgin Islands
Karen Johnson,1988-03-20,861-493-6468,elizabethfoster@example.net,"9895 Lee Throughway
Lake Michael, PW 94763",Lobbyist,140129,16206,Hawaii,Honduras
Kurt Rush,1964-07-16,+1-933-281-3021x84084,maryowens@example.net,"924 Stevenson Lane Suite 169
East Laura, DE 50825",Neurosurgeon,41116,45991,Indiana,Grenada
Dominic Hernandez,2000-04-21,(300)596-5963,timothyvelazquez@example.net,"068 Padilla Mountain Suite 826
North Sean, WY 15594",Phytotherapist,142299,63092,Virginia,Svalbard & Jan Mayen Islands
Peter Perry,2000-01-26,894.295.7776,kevinrobinson@example.net,"094 Martinez Mews
Parkstown, CT 34453","Development worker, community",75465,81656,Maryland,Burundi
Selena Anderson,1969-08-12,001-688-465-0752x9712,chris80@example.net,"791 Beth Mall Suite 487
East Michaelhaven, MD 12731",Geochemist,125083,07184,Illinois,Oman
Leslie Trevino,2000-01-29,751-746-6666x60200,bboone@example.com,"94771 Carly Manor Suite 587
New James, KS 53581",Ambulance person,50765,99233,Montana,San Marino
Steven Glover,1973-09-20,001-528-615-0956x2495,nicholas19@example.net,"USS Evans
FPO AE 50441","Engineer, manufacturing systems",71060,52261,West Virginia,Pitcairn Islands
Kelly Hodge,1978-03-08,(476)654-0144,lewispatricia@example.net,"99826 Anna Pass
South Kristen, ND 38071",Sports administrator,46901,30471,Arizona,Pakistan
Kevin Wallace,1995-05-23,(609)978-1411,frankreed@example.org,"586 Stout Burg Suite 421
New Christinaville, AR 04159",Health physicist,128745,28522,Delaware,Dominican Republic
Ryan Hernandez,1996-10-11,864-594-6439,paulataylor@example.net,"0582 Joshua Crest Apt. 038
Nicholsville, WA 06120",Editorial assistant,44552,23506,Alabama,Liberia
Anthony Khan,1974-06-04,457.923.9531x15802,diazdenise@example.net,"509 Harper Extension
New James, FM 43220",Actor,54024,59342,Alaska,India
Taylor Hernandez,1999-06-14,857.274.3530,katie64@example.org,"428 Christina Manor
Port Justin, ND 50379","Surveyor, insurance",113751,60937,Arizona,Croatia
Miranda Tyler,1993-07-22,001-567-436-4725x3405,peggybraun@example.org,"4633 Weeks Forges Suite 600
Port Carlport, MA 33205",Chief Strategy Officer,91324,15662,Tennessee,Australia
Raymond Stuart,1978-10-07,(342)521-7689x12917,jacobjones@example.net,"461 Paula Groves Apt. 626
West Barbaraborough, NV 39408",Veterinary surgeon,53953,49352,North Carolina,Egypt
Amanda Young,1984-06-28,403.860.6830,whitney53@example.org,"41342 Maddox Roads Apt. 523
Toddshire, LA 39619",Recycling officer,90368,82843,Georgia,French Guiana
Kathryn Knox,1965-05-02,9907334472,mgraves@example.com,"29047 Devin Parkways
Lake Johnbury, NV 08665","Surveyor, land/geomatics",51030,63954,Arizona,France
Frank Page,1987-01-04,+1-861-699-6873,deborahwallace@example.com,"Unit 8761 Box 9693
DPO AE 43921","Conservation officer, historic buildings",74264,10399,Tennessee,Nigeria
Patrick Brown,1966-11-20,355-581-4159x4161,cassie97@example.org,"Unit 1413 Box 0474
DPO AE 55029",Textile designer,81522,04266,Pennsylvania,Jersey
Jessica Moody,1966-08-03,210.936.9936x050,ykennedy@example.com,"386 Alicia Village
Markstad, WV 71100",Hotel manager,54003,81452,Arkansas,Paraguay
Kathryn Pacheco,1967-09-08,289.791.1740x7069,hponce@example.org,"09689 Trujillo Curve
Ashleymouth, DC 40155",Multimedia programmer,128916,28672,Oregon,Mongolia
Samantha Roberts,2005-05-06,6486561508,calexander@example.com,"9259 Rogers River Suite 005
Reynoldsmouth, MP 28877",Advertising account executive,145382,63325,Kentucky,Slovakia (Slovak Republic)
Donald Nelson,1968-06-29,001-915-314-7251x36828,mendozamatthew@example.net,"856 Thomas Common Apt. 335
Donnastad, DE 77788",Midwife,92038,40206,Nebraska,Bouvet Island (Bouvetoya)
Ashley Powers,1994-08-14,9683967300,jennifer82@example.org,"525 Stephen Wells
Andrewbury, WA 47482",Scientific laboratory technician,107859,76748,Oklahoma,Lithuania
Sabrina Bruce,1993-12-21,(724)680-0652,ywilliams@example.net,"1162 Romero Ports Suite 248
Herrerafurt, ME 25695",Occupational psychologist,149520,31679,Tennessee,Moldova
Lisa Davidson,1991-04-06,301.345.2572x073,pwood@example.org,"999 Hunter Hills Suite 645
Lake Chad, TN 61585",Music therapist,125204,99717,Wyoming,Palau
Sierra Martinez,1968-11-16,458.820.1276x99005,kristymartin@example.net,"529 Collins Points Suite 356
West Marie, HI 26580","Designer, industrial/product",118923,67224,Alaska,Barbados
Anthony Sanchez,2006-04-02,(733)325-7898x777,davidharris@example.org,"3616 Kimberly Way Suite 487
West Shannon, DC 49762",Special educational needs teacher,146626,43816,Georgia,Poland
Jessica Espinoza,1990-02-14,(418)507-9999x228,fostercameron@example.net,"98312 Michelle Mountain Suite 323
Gilesport, VT 32403",Chartered accountant,80079,44313,Louisiana,Hong Kong
Jose Harris,1972-05-11,+1-815-687-2988x2067,katherinewhite@example.com,"543 Terry Greens Apt. 756
Carolineview, MD 38903",Automotive engineer,148295,06866,Florida,Croatia
Austin Daniel,1964-12-07,912.304.8426x20488,matthew17@example.com,"5980 Angela Harbor
Sarahfurt, UT 60333","Development worker, international aid",104944,29547,Vermont,Canada
Derrick Vaughan,1977-02-24,001-309-458-1337,john86@example.org,"62161 Rebecca Fork
New Richard, IL 55107",TEFL teacher,56872,52202,Maryland,Vanuatu
Vincent Powell,1967-04-04,675.274.6761,kayla66@example.com,"PSC 2561, Box 6514
APO AA 51791","Runner, broadcasting/film/video",43855,61168,Texas,Liberia
Daniel Stewart,2000-02-10,822-903-2639x0058,tiffanyjohnson@example.com,"81699 Yates Alley
Christopherville, TN 84397",Counsellor,139805,76229,Tennessee,Holy See (Vatican City State)
Bradley Moore,2002-01-14,529.505.8610x323,stricklanderic@example.net,"965 Armstrong Center
West Christopher, MN 04704",Chartered public finance accountant,47181,78866,Colorado,Oman
Kevin Rose,1993-08-10,(618)652-4778,brobinson@example.com,"481 Thomas Ports Suite 485
Garzahaven, ND 85640",Housing manager/officer,44110,96350,Alabama,Aruba
Christopher Phillips,1988-03-14,448-264-3903,richardcarlson@example.com,"4861 Gene Dam
Richmondshire, NC 23068",Risk manager,69772,24080,Massachusetts,Serbia
Danielle Woods,1995-10-16,+1-701-364-6875x7331,ubeard@example.org,"048 Collins Ports
New Vickie, PA 37971",Animal technologist,98960,47543,Kansas,Dominica
Katie Phillips,1997-07-27,590.919.3267x3919,bdalton@example.com,"925 Allen Crossing Apt. 229
Michaelside, MD 98125","Engineer, manufacturing systems",66545,94721,New Mexico,Guam
Michael Reed,1994-10-19,001-460-334-9449x65722,tinaharding@example.org,"8294 Brooks Square
West Williamville, IA 73971",Operational investment banker,43959,59183,Delaware,Lao People's Democratic Republic
Angela Wilkinson,1999-11-08,842-591-5180,fgarcia@example.com,"01799 Karen Manor Apt. 157
Tannermouth, AS 45564","Teacher, adult education",93399,23602,Connecticut,Guadeloupe
Andrew Ingram,1968-07-07,511-208-0290,kjohnson@example.net,"18307 Bryan Rest Apt. 787
Alexisport, AK 10611",Brewing technologist,53063,26256,North Carolina,Sao Tome and Principe
Andre Perry,2002-11-18,747.465.2124x9370,jennifer09@example.org,"944 Wesley Prairie
Lindahaven, TN 06583",Writer,72716,04548,Pennsylvania,Poland
Maurice Valencia,2000-10-26,754-265-9015,benjamin61@example.net,"21685 Taylor Locks Apt. 473
Lake Colin, AZ 98517",Risk manager,46575,20538,South Carolina,Palestinian Territory
Michelle Jones,1990-03-13,4179838767,rodriguezmary@example.com,"8915 Corey Extensions Apt. 591
New Anne, WY 63589",Office manager,119312,46925,Arizona,Vanuatu
Joshua Gutierrez,2004-04-29,001-980-961-1225x08908,jaredkelly@example.org,"58372 Rachel Springs
West Isabellatown, MI 38116",Architectural technologist,144887,62637,Illinois,Czech Republic
Jeremiah Simon,1987-05-01,475-567-7830,pricemelissa@example.org,"1791 Ashley Wall
Port Stefanieview, VI 63786","Education officer, environmental",80622,57127,Iowa,Hong Kong
Heather Joseph,1965-05-11,(482)253-3623x30461,jessicaconway@example.com,"Unit 6626 Box 6019
DPO AA 75439","Administrator, sports",67534,27093,Maryland,French Polynesia
Christopher Cooper,1999-10-09,(372)651-5532,bavery@example.org,"606 Sergio Vista Apt. 815
Sheenaton, FL 10483","Engineer, biomedical",146434,01477,Maine,Haiti
Jeffrey Le,1965-04-18,001-728-882-2092x557,amy25@example.org,"7744 Andrew Shores
West Marthafurt, NC 31298",Building surveyor,99716,50913,New Mexico,Gambia
Daniel Beck,2000-10-31,480-900-5369x782,mwang@example.com,"523 Miller Forges
North Benjamin, GU 89667",Garment/textile technologist,148913,95484,Utah,Vietnam
John Edwards,2005-03-15,5387342856,jeffreywallace@example.net,"488 Donna Village
West Sandraton, MI 19771","Engineer, electrical",134956,57297,Maine,Uruguay
Katherine Morales,1996-06-29,+1-949-382-1759,wmartin@example.com,"69689 George Lodge
East Anthony, FM 66312","Designer, industrial/product",31859,87305,Ohio,United Arab Emirates
Rachel Matthews,2001-10-28,+1-502-845-8476,davidnguyen@example.net,"8620 Rachel Meadows Suite 395
New Danielfurt, CA 84634",Early years teacher,83879,89055,Rhode Island,Guam
Kevin Franco,2006-09-25,(954)936-0343x3862,nataliegarcia@example.com,"042 Haley Terrace
Mcneilside, NY 01342",Clinical psychologist,75408,23696,North Dakota,Panama
Joseph Bush,1982-07-06,001-227-964-5091,dustindawson@example.org,"Unit 3263 Box 4367
DPO AA 61299","Production designer, theatre/television/film",48681,12633,California,Germany
Monique Cisneros,1991-09-19,+1-497-312-3113x715,bishopmary@example.net,"3989 Jason Walk
Floresshire, MT 36645",Occupational hygienist,67032,66276,Missouri,Comoros
Jennifer Gonzalez,1972-01-23,871-539-8993,nflores@example.org,"3432 Hailey Tunnel Apt. 005
East Vincentmouth, IA 43552",Geoscientist,115214,86030,Tennessee,Lesotho
John Bishop,1996-07-21,001-507-964-9875x9449,taylorrichard@example.org,"Unit 3189 Box 9927
DPO AP 24125",Careers adviser,79139,30890,New Mexico,British Indian Ocean Territory (Chagos Archipelago)
Angela Ramirez,1977-10-10,+1-246-910-2710,christinamoore@example.net,"18583 Browning Cape
Steinhaven, OR 63334","Psychotherapist, dance movement",85699,28061,South Dakota,Somalia
Charles Lloyd,2001-09-05,+1-438-911-2459x6880,stewarteric@example.org,"96717 William Ferry
Murphyburgh, GU 29471","Programmer, multimedia",43629,77782,Rhode Island,United States of America
Oscar Harris,1972-05-19,(407)735-0680x97011,rodrigueztimothy@example.net,"015 Amy Drives Suite 233
Stewartborough, VT 79391",Hospital doctor,65762,73892,Virginia,Trinidad and Tobago
Jeremy Tyler,1997-08-28,+1-771-377-4139,monica56@example.com,"283 Monroe Mountains Apt. 897
Fitzpatrickville, AL 80829",Careers adviser,96980,34389,Texas,Zimbabwe
Lisa Carrillo,1990-10-29,(400)278-4500,cassandraacevedo@example.net,"552 Michael Ports
Vanessaland, MP 73737",Stage manager,53606,83511,Rhode Island,Angola
Gene Steele,1977-02-01,573.374.7982x676,campbellbruce@example.org,"589 Blackwell Ports Suite 364
Jasonville, AZ 67394","Designer, blown glass/stained glass",41076,04095,West Virginia,Yemen
Kelsey Mitchell,1968-01-08,271.236.4805x971,diazrobin@example.net,"79071 Donald Extension Apt. 861
Lake Haydenton, ME 23427",Health service manager,149939,82484,Vermont,Mexico
Anthony Palmer,1986-11-30,+1-886-430-7227x0507,lisasandoval@example.org,"62592 Taylor Key
Lindsayport, TN 55013",Lawyer,121775,48024,Illinois,Tunisia
Phyllis Anderson DDS,1970-08-03,+1-885-976-6432x4147,ndavis@example.com,"1703 Robin Fork
Skinnerport, AR 95326",Land/geomatics surveyor,77631,18324,Minnesota,Malaysia
Courtney Jones,1980-10-16,202.932.2077,thomastravis@example.com,"PSC 4110, Box 2585
APO AP 39757",Purchasing manager,143144,08668,Maryland,Morocco
Megan Sheppard,1996-08-07,304.992.3940,hintoncynthia@example.com,"490 Smith Stream Apt. 240
Kingport, AK 58456",Special educational needs teacher,90623,50781,Connecticut,Iran
Casey Barton,1984-03-31,+1-562-897-8873x67422,hoffmanmargaret@example.org,"94478 Koch Mews Suite 338
Robertchester, MA 59880",Community development worker,100488,25336,Oregon,Libyan Arab Jamahiriya
Gabrielle Jones,1966-03-18,+1-826-627-6889x782,kevin82@example.com,"Unit 1572 Box 7139
DPO AA 38626",Medical sales representative,95409,97721,Oregon,Myanmar
Tiffany Contreras,1968-11-14,7055153867,michael75@example.net,"095 Lauren Mount
Lake Jeremy, WV 68625",Applications developer,66958,22769,North Dakota,Wallis and Futuna
Jeremy Oconnell,1978-11-20,2903627809,ryan13@example.net,"USNS Lam
FPO AP 84479",Nutritional therapist,66334,97422,Missouri,Malta
Theresa Stewart,1977-05-03,875-634-6190x5553,hdickerson@example.com,"6679 Coleman Port Apt. 345
New Joshuashire, IN 35072","Engineer, agricultural",99300,48074,New Mexico,Angola
Kimberly Adams,2001-07-08,(462)655-9373,anthonymeagan@example.org,"1322 Potts Forks Apt. 521
Port Saramouth, OH 59558",Secondary school teacher,57938,95334,North Carolina,Saint Helena
Diane Silva,2000-03-19,(605)617-2702,barbarajackson@example.org,"565 Alejandra Inlet
South Cameronport, MS 33919",Physiotherapist,40395,45189,Arizona,Samoa
Elizabeth Douglas,1984-06-23,(659)622-9951,jgraham@example.org,"9550 Katherine Extensions Apt. 283
Hoodbury, AL 94956",Research scientist (life sciences),121539,61069,South Dakota,Guatemala
Veronica Medina,1996-02-14,6138792467,doconnor@example.org,"43626 Steven Place Apt. 888
Andersonbury, GU 97944","Producer, radio",40120,78396,Colorado,United States Minor Outlying Islands
Daniel Hurst,1982-10-30,+1-449-331-5332x5045,cynthia05@example.net,"6626 Kennedy Fords Apt. 996
Weaverland, ID 26226",Careers information officer,43508,76943,Texas,Somalia
Taylor Lane,1976-09-16,(510)321-0654x860,juliejohnson@example.com,"7814 Clark Green Suite 026
Rodriguezfurt, MS 32701","Accountant, chartered public finance",84530,91499,Illinois,Belarus
Walter Martin,1968-01-22,(971)445-7013,lindsay34@example.net,"3454 Eric Avenue Apt. 498
East Amanda, MO 16727",Maintenance engineer,119088,25118,Georgia,Saint Vincent and the Grenadines
Daniel Morgan,1965-12-04,001-282-981-8622x8274,martinlisa@example.net,"4029 Stephen Forge
Evansburgh, PW 30311",Arboriculturist,51075,96468,New Jersey,Belize
Dawn Robinson,1973-02-26,(671)670-3317,samuel89@example.org,"19491 Jamie Pike
Weekshaven, NH 13042","Administrator, charities/voluntary organisations",72942,27328,Idaho,Gibraltar
Timothy Thomas,1998-08-15,992-515-8779,elizabethkennedy@example.com,"791 Walter Valleys
Coltonfort, ND 34752",Airline pilot,57247,53097,Iowa,Latvia
Melanie Smith,2000-01-31,(761)691-6507x28812,rprice@example.com,"064 Adrian Alley Suite 874
New John, NJ 77422","Librarian, public",75363,38081,New Jersey,Tonga
Marcus Clark,1967-02-22,2339880715,marvinmartinez@example.net,"USNS Smith
FPO AA 53442",Purchasing manager,105033,31872,Vermont,Martinique
Ashlee Crawford,1968-01-22,2393075083,hamiltonvincent@example.org,"53126 Gabrielle Meadow Suite 924
Lake Roy, OH 80848",Visual merchandiser,74490,75182,Indiana,Svalbard & Jan Mayen Islands
Dana Zamora,1983-11-25,8723630113,zgood@example.net,"35284 Crawford Highway Suite 257
Yoderside, IL 19732",Corporate investment banker,67863,88225,Delaware,Greenland
Andrew Murphy,1986-10-20,001-355-842-7275x58616,cdiaz@example.org,"41337 Mcbride Center
Williamsonton, AS 95194","Journalist, broadcasting",79139,15258,North Dakota,Cameroon
Alexander Rogers,1999-07-20,736-663-0836,catherine81@example.com,"8719 Walter Track
Chadfurt, ID 82921","Chemist, analytical",30479,23731,Georgia,Lithuania
Todd Pittman,1996-03-29,+1-561-539-1223,bray@example.com,"1766 Griffith Dam Apt. 955
East Michaelberg, HI 95135",Architectural technologist,115935,75957,South Dakota,Greece
David Edwards,1972-03-10,282.918.5440,christopher99@example.com,"78330 Jeffrey Spring Suite 485
East Meghan, NY 52185",Personnel officer,90772,66258,Nevada,Central African Republic
