name,date_of_birth,contact_number,email,address,occupation,income,postal_code,state,country
Scott Chavez,1979-03-25,221-912-4163,estradajesus@example.com,"590 Perry Extension
Port Jacobtown, MS 71302",Barrister's clerk,135194,33522,Oklahoma,Sri Lanka
Emily Johnson,1981-03-15,001-434-337-6759x96980,donnawalsh@example.org,"9991 Hall Square Suite 830
Singhville, OH 94211","Designer, graphic",86256,85396,Alabama,Papua New Guinea
Leslie Bender,1974-05-18,+1-387-295-3557x33637,nicole96@example.net,"0791 Ward Parkways Apt. 344
South Colin, PR 55740","Psychologist, clinical",122718,96109,Arkansas,Jamaica
Lindsay Macias,2000-09-19,253.280.7519x4293,josephrussell@example.org,"081 Melissa Isle
East Carolyn, OK 96455",Environmental education officer,97424,13395,South Carolina,Lithuania
Samantha Tucker,1989-03-19,857-413-0209,duncanjoseph@example.com,"018 Sheryl Cove
West Stefanieport, GA 99263",Plant breeder/geneticist,147701,60929,Nebraska,Congo
Christopher Copeland,1987-08-15,001-256-915-6248,santosheather@example.com,"PSC 5904, Box 5355
APO AA 53836","Development worker, community",48726,87769,West Virginia,Micronesia
Samantha Smith,1965-09-23,(482)604-0860,dschneider@example.net,"136 Grant Green
New Tyler, NV 08851",General practice doctor,58096,29398,Arizona,Solomon Islands
John Vasquez,1971-02-15,001-688-463-2106x912,amandashort@example.net,"7755 Kimberly Shore Apt. 249
Scotttown, SC 79270","Embryologist, clinical",123264,54460,Missouri,Korea
Mr. Patrick Black,1970-07-21,(488)800-4964x442,amy90@example.net,"301 Christine Shoal
West Kimberly, DC 95212",Higher education lecturer,101930,79919,Virginia,Poland
Brian Snyder,1966-11-22,001-505-266-0678,courtneybradley@example.com,"PSC 7051, Box 5963
APO AP 81048","Surveyor, building control",138168,53577,South Carolina,Haiti
Timothy Carlson,1985-04-11,755.743.4079x02455,jacksonjimmy@example.org,"107 Chang Port
Lake Jeffrey, KS 60272","Accountant, chartered public finance",35068,26779,North Dakota,Costa Rica
Lawrence Meyers,2000-12-31,858-311-1467x71247,vwilson@example.com,"70136 Small Streets Suite 722
Charlesshire, WI 68103",Sales executive,100782,87996,Hawaii,Yemen
Kevin Morrison,1986-10-17,001-802-837-8470x20362,katrina91@example.com,"5810 York Mountain Suite 633
Danielview, WY 28313",Sales executive,111113,67894,Nebraska,Mexico
Brittany Warren,1996-11-17,876-959-6698x2486,bellamy@example.org,"Unit 1890 Box 4064
DPO AP 91313",Fisheries officer,127260,34627,Nebraska,Bulgaria
Troy Lyons,2001-07-07,001-558-512-9038x5967,lozanobrandi@example.net,"810 Courtney Inlet Apt. 588
Heatherborough, NJ 91054",Restaurant manager,38596,02103,North Carolina,Turks and Caicos Islands
John Haley,1982-09-25,001-595-804-5625x10835,stephanie05@example.org,"1035 Wayne Skyway
Wangville, WI 78263",Astronomer,39495,75753,Kansas,Kiribati
Timothy Lambert,1975-04-24,570-839-7881x670,parkerjustin@example.com,"892 Jorge Courts
New Erikburgh, MT 18978","Scientist, physiological",101761,58465,Utah,Panama
Katie Adams,1990-05-09,633.994.2480,jason64@example.net,"USS Alexander
FPO AA 95408",Food technologist,70164,19949,New Jersey,Slovenia
Teresa Mccoy DDS,1977-09-22,+1-774-429-3984,william42@example.org,"72198 Jasmine Burgs Suite 747
Erikahaven, IL 86104",Sports development officer,30897,28814,California,Guyana
Nicholas Clark,1993-01-14,001-309-382-9474,poolerobert@example.net,"6964 Angie Oval Apt. 854
New Diana, AZ 27170",Insurance broker,46854,65879,Tennessee,Aruba
Jennifer Ingram,1974-06-21,+1-834-326-4065,markschmidt@example.net,"95853 Makayla Mills
Kellyborough, HI 10390","Doctor, hospital",136896,99794,Iowa,Hungary
Robert Adams,1979-06-27,(508)612-8661,stephen40@example.net,"589 Carter Grove
Lake Richard, KS 91871","Teacher, adult education",108201,33145,Louisiana,Cote d'Ivoire
Robert Anderson,1982-11-07,392.271.6572x979,ianroy@example.org,"25607 Bell Rapids
Martinfurt, MH 47337",Early years teacher,32567,75871,Oregon,Estonia
Beverly Kirby,1980-09-29,572-788-7335x050,jessicawilson@example.net,"7913 Meadows Branch
East Charles, DC 63807","Lecturer, further education",60526,03310,Wyoming,Falkland Islands (Malvinas)
Erica Smith,1980-05-09,(730)991-1446x50653,veronica50@example.com,"874 Ford Grove
Lake Michael, GA 97288",Tour manager,87294,10933,Mississippi,Maldives
Jose Sanchez,1989-12-22,001-307-701-3545,cynthiaowens@example.net,"Unit 2168 Box 8671
DPO AA 78868",Government social research officer,114499,83737,Michigan,Haiti
Patrick Pitts,1981-01-02,(443)964-6445,amy73@example.com,"72505 Denise Village Suite 513
West Jasminemouth, IL 97000",Holiday representative,128506,23208,Hawaii,Korea
Ruth Smith,1987-12-23,(806)507-3012,griffinalison@example.net,"59888 Jorge Passage
Westburgh, PR 64296","Editor, commissioning",46854,63542,Massachusetts,Cyprus
Cassandra Calhoun,1999-11-16,(727)512-6114x398,brittneybush@example.net,"363 Martinez Loop Apt. 142
Jillianland, MH 83665","Designer, multimedia",66443,91960,Washington,Montserrat
Erica Flores,1987-11-06,+1-519-844-9804x80161,holmesmichael@example.net,"50583 Michael Vista Suite 191
Nancytown, KS 83632",Marine scientist,73652,17341,Arizona,Wallis and Futuna
Karen Powell,2001-03-27,795-675-2988x077,kreyes@example.net,"6596 Katherine Mall
Port Rogerport, LA 09120","Designer, interior/spatial",106192,03400,Massachusetts,Jordan
Stephanie Potter,1990-11-30,001-547-660-1254x440,eric17@example.net,"3659 Heather Courts Suite 258
Nobleport, MN 00831",Herbalist,117766,75434,Arkansas,Chile
David Hernandez,1972-06-29,437-914-4882,bruce47@example.com,"67663 Hughes Brook
West Timothy, CA 53756",Diplomatic Services operational officer,89069,41899,Arizona,Malta
Lisa Lindsey,1976-01-25,279.514.6581,nancygarcia@example.net,"921 Gutierrez Prairie
Carterfurt, NE 23262",Chief Operating Officer,36712,59185,Mississippi,French Southern Territories
Christina Zamora,1978-07-10,+1-540-592-3835x68006,bobbybaker@example.net,"249 Michael Pike Apt. 001
Port Mary, AZ 12743","Engineer, agricultural",122016,74868,Alabama,Palau
Ronald Simon,1968-09-10,(263)522-3988,james84@example.net,"6828 Valerie Valley Suite 393
Smallside, TN 54304",Sports development officer,95341,24851,Washington,Korea
Matthew Schwartz,1992-05-23,889.771.1754x118,zbradshaw@example.net,"6642 Bailey Club Suite 795
Port Samanthashire, AS 55349",Health visitor,77134,43184,Montana,Bouvet Island (Bouvetoya)
Patrick Proctor,2004-05-08,+1-608-298-3044,alison38@example.com,"92053 Melissa Walks Suite 899
Johnsonport, MN 03744",Information systems manager,40696,03916,South Carolina,Liechtenstein
Adam Peterson,1972-07-14,4002032169,timothy42@example.org,"1571 Carr Walks Apt. 889
Port Johnmouth, NE 26285",Radio producer,138401,34460,Ohio,Vanuatu
James Hernandez,1972-02-25,(576)824-0575x8062,qharris@example.org,"3018 Laura Knolls Suite 913
South Victoria, SD 82143","Scientist, water quality",34749,99597,Connecticut,Qatar
Laura Johnson,1970-02-28,(670)553-1436x33272,patrick31@example.org,"2117 Maria Stravenue Apt. 198
Lake Alejandro, AS 10743",Warehouse manager,95253,85489,Massachusetts,British Virgin Islands
Tracy Harvey,1968-11-24,663.293.2080x278,markweber@example.com,"651 Baker Path
Port Cynthia, MS 75648","Accountant, chartered certified",142500,49512,Washington,Lesotho
Samantha Williams,1982-11-20,455.611.0540,frazierbryan@example.org,"1776 Tammy Cliffs
East Erikastad, UT 19307",Broadcast engineer,56883,26509,Nebraska,French Polynesia
Stephanie Lozano,1981-02-12,(507)705-8677x800,bruce33@example.net,"7983 Ramirez Ramp Apt. 983
Ballardton, NE 81419",Publishing rights manager,116873,96247,Kentucky,Sri Lanka
Anita Vance,2006-07-24,9244101299,cathywallace@example.org,"4131 Melanie Lane Suite 877
Walkerview, GA 02536",Financial trader,91766,80499,Hawaii,Brazil
Gwendolyn Acosta,1967-07-30,001-829-938-3254x972,anthonyanderson@example.net,"3059 John Mall
Robbinshaven, ME 83465",Passenger transport manager,123221,72713,Hawaii,Bangladesh
Cynthia Riley,1966-05-05,370-341-5498,tphillips@example.com,"152 Ali Path
New Steven, CA 04116","Scientist, water quality",85921,74707,North Carolina,Mali
Joel Hawkins,1996-05-21,001-964-480-2408x8607,johnathan57@example.net,"41271 Christina Well Suite 952
Marytown, PW 80613",Haematologist,85648,41066,Idaho,Yemen
Melody Burns,1966-08-15,424.842.7172x1233,morganbell@example.org,"054 Deanna Underpass Apt. 414
West Karen, PA 93773","Psychotherapist, child",56938,99787,New Hampshire,Korea
Patricia Ruiz,1978-06-14,(541)917-8409,yatesrobin@example.com,"140 Holmes Mission Apt. 140
Watersmouth, OH 17842",Tour manager,97373,98514,Nevada,Bermuda
Yvette Welch,1990-07-01,209-966-3955,jennifersmith@example.com,"24190 Rachel Hollow Apt. 876
Leslieport, ND 81979",Occupational therapist,47020,45253,North Dakota,Iraq
Robert Edwards,2004-06-13,346-778-7690x78941,mbrown@example.org,"09193 Martin Corners Apt. 763
South Jeffreyton, DE 32284",Acupuncturist,114767,16030,Arizona,Mexico
Mackenzie Macias,1998-03-20,001-810-485-7012x2865,moorerichard@example.org,"7817 Riley Throughway
South Pamela, AS 42519","Engineer, agricultural",130095,85314,New Mexico,Korea
Mark Callahan,1998-12-01,3777062391,barnesbrian@example.net,"USNV Carney
FPO AP 73524",Clinical research associate,137386,50650,Illinois,Sweden
Joshua Melton,1993-01-26,(219)914-7885x60487,jimrollins@example.net,"545 Peterson Green Apt. 882
Port Wendy, PA 81915",Osteopath,140252,93904,Maryland,North Macedonia
Joseph Anderson,2005-04-19,(858)760-5072,shanson@example.net,"677 Thomas Islands Suite 616
Lake Jonathanport, AK 89216",Management consultant,31202,69376,Missouri,Portugal
Joshua Schultz,2003-08-06,765.538.0341x14943,vcobb@example.net,"2190 Kenneth Glen Suite 331
Berryburgh, CT 05527",Music therapist,137710,04802,Massachusetts,Canada
Joseph Tapia,1980-10-04,4345027443,kara37@example.com,"03451 Mercado Ports Suite 965
Lake Johnny, GU 10782",Animator,41923,20155,Texas,Jersey
Kyle Summers,2000-08-27,932-734-0011x2926,emeyer@example.org,"445 Matthew Mews
East Cesarmouth, ME 59137",Media buyer,142065,12082,South Dakota,Albania
Darren Cole,1995-01-03,(841)601-5096,kellywest@example.com,"2801 Wilson Gateway
Allenfurt, NC 90534",Ambulance person,111349,06928,Washington,Liechtenstein
Bruce Rice,1994-09-22,659-491-3993x4770,shamilton@example.net,"PSC 4606, Box 0719
APO AE 69689",Theatre manager,110052,80545,Wyoming,Namibia
Jose Williams,1998-04-12,+1-676-781-5596,reedvirginia@example.com,"60465 Mercado Squares
South Jesse, RI 91430",Legal executive,57085,98786,Ohio,Malawi
Karla Harris,1982-04-02,(339)925-2217x321,robinlane@example.org,"1126 Marks Square
Benjaminberg, MA 80546","Psychologist, sport and exercise",47517,02419,South Dakota,Belarus
Michael Wagner,2002-04-24,485-212-0857,tammy97@example.net,"950 Williams Junction Apt. 851
East Ashley, MD 96720",Mining engineer,43237,72310,Minnesota,Netherlands Antilles
Michelle Cooke,2003-06-07,515-685-7398x26301,robert24@example.org,"2750 Robinson Pike Suite 450
West Cody, NJ 76151",Television/film/video producer,88306,54787,Maryland,Macao
Robert Bailey,2002-10-31,580-910-2123x59637,christopher30@example.net,"95913 Wagner Inlet
New Candice, MH 54743",Orthoptist,132493,06725,Nevada,Togo
Thomas Miranda,2000-02-25,+1-843-307-4976x89532,elizabethbernard@example.org,"85271 Lawrence Locks Suite 745
West Amanda, FM 58119","Production assistant, television",58462,07909,Alabama,Switzerland
Christopher Torres,1972-06-25,001-608-514-2362x820,lbradford@example.net,"300 Gentry Summit
South Sarahchester, AZ 93114",Insurance account manager,110159,74863,Washington,Nauru
Angela Davis,1987-08-16,434.305.4934x7055,xlloyd@example.com,"PSC 5143, Box 1962
APO AE 18279","Production assistant, television",99210,07798,Arkansas,Cambodia
Angela Reyes,1990-09-22,(404)944-1293x6738,elizabethwells@example.net,"12613 Sara Parkway
Lake Jeffrey, IL 16641",Hospital doctor,90738,01197,Washington,Tuvalu
Linda Gibson,1978-04-17,+1-450-764-7082x776,elizabethbarnes@example.org,"2002 Christopher Motorway
Ginaland, WA 56811",Industrial buyer,130598,02722,Tennessee,Vietnam
Madison Young,1993-01-06,(505)318-0286,rodonnell@example.org,"413 Danny Station Apt. 662
Lake Walterview, OR 71922",Paediatric nurse,100602,96339,Vermont,Anguilla
Mandy Rios,1996-03-05,+1-791-812-0819x67326,peterstevens@example.com,"457 Wong Island Suite 948
West David, GA 52790",Hospital pharmacist,36662,61616,Minnesota,Tokelau
Karen Fletcher,1997-08-21,001-892-263-7598,mgordon@example.org,"192 Karl Harbor
South Jenny, NJ 09800",Academic librarian,58579,74927,Indiana,Netherlands Antilles
Margaret Mayer,2000-10-11,001-557-489-5058x781,jamie84@example.net,"Unit 7162 Box 7840
DPO AA 82235",Music tutor,121127,05166,Minnesota,Turkmenistan
Bryce Leblanc,2003-10-10,(220)206-5515x2312,bryan53@example.net,"735 Buckley Shoal
Davisborough, PR 05378","Scientist, research (life sciences)",144652,82184,Utah,Saint Martin
Patricia Jones,2006-12-04,765.897.9212,john49@example.com,"338 Sarah Meadows Suite 764
Brianport, MA 21364",Lobbyist,57658,50620,Washington,North Macedonia
Cheryl Ruiz,2005-12-03,(863)376-9437x356,hatfieldcharles@example.net,"30732 Justin Haven Apt. 481
Donnaland, TX 21174","Engineer, chemical",129358,36630,Ohio,Tonga
Travis Martinez,1996-12-27,672-730-7867,qhughes@example.com,"570 David Court Apt. 393
West Michael, NM 92191",Hydrographic surveyor,138420,82497,Alabama,Algeria
Michael Turner,2001-09-29,001-565-371-5030x9816,johnsonmichael@example.org,"047 Michelle Route
Robertmouth, RI 19801",Homeopath,142111,22278,Montana,American Samoa
Connie Garcia,1998-01-17,(850)283-2794,margaret31@example.org,"763 Eric Expressway
Tammymouth, MD 62620",Manufacturing engineer,34886,53722,Missouri,Bangladesh
John Hopkins,1985-04-02,001-496-814-8478x7838,rgilmore@example.org,"PSC 6094, Box 5523
APO AE 13313","Therapist, nutritional",104423,50760,Delaware,Thailand
Amanda Smith,1989-02-22,652-303-2137x354,oschwartz@example.com,"PSC 3567, Box 1834
APO AP 98494",Jewellery designer,121150,33535,Texas,Greenland
David Hughes,1977-11-17,436-860-5586x202,meyerjohn@example.net,"7380 Christopher Unions Apt. 276
East Kaylee, FL 64564",Product/process development scientist,71039,62571,Missouri,Namibia
Sara Miller,1997-05-01,913.516.9382x94852,annacarson@example.net,"98673 Carrie Expressway Suite 347
Rochahaven, NH 34941",Exercise physiologist,37419,77808,Missouri,Kyrgyz Republic
Barry Wilson,1969-09-21,001-414-251-4900x3981,kelleytonya@example.com,"34829 Bryant Plaza
Amandaport, NE 35838",Physiotherapist,39496,02776,Connecticut,South Africa
Christy Gray,1979-04-29,943-641-1422x705,haynesmichael@example.com,"75190 Anna Turnpike Apt. 794
East Leeland, TX 66183","Embryologist, clinical",100727,22229,Georgia,Turkmenistan
Christopher Fletcher,1968-11-04,(577)872-5073x751,ronaldtaylor@example.org,"339 Valencia Village Apt. 645
East Amy, AK 71130",Building control surveyor,34189,84360,California,Spain
Timothy Estrada,1997-08-26,(274)608-4809x824,adelacruz@example.org,"961 Sherri Vista Apt. 824
Moralesborough, AL 25392",Telecommunications researcher,82795,20434,Wyoming,Tajikistan
Preston Sanchez,1995-02-08,625-348-1888x2040,janice00@example.net,"26382 Horton Stream Suite 758
Edwardhaven, MT 04448",Financial adviser,69292,39728,Connecticut,Brunei Darussalam
Lauren Abbott,2006-05-13,(249)911-9026x30166,nicholas19@example.net,"323 Freeman Underpass Apt. 491
North Allisonburgh, WY 14392",Management consultant,50252,77231,Indiana,Iraq
Louis Flores,1977-12-27,(659)755-7731x3498,trevor56@example.net,"37113 Jonathan Land Apt. 566
Lake Connie, NY 22842",Energy manager,141216,84247,Louisiana,Holy See (Vatican City State)
Christine Ingram,1966-05-04,672.875.7907x3704,dbennett@example.org,"820 Roth Walk
Amberfort, DC 31728",Emergency planning/management officer,100329,67274,Connecticut,Guernsey
Dr. Kyle Steele,1986-04-14,599-269-4701x651,nicholasbuck@example.org,"60043 Hughes Fords Suite 151
Samuelmouth, KY 65045",IT trainer,138765,69632,New York,Turkmenistan
William Byrd,1996-04-17,(777)639-8064x6543,jonathanflores@example.com,"717 Adams Heights
Lake Ashley, VA 74175",Legal executive,80538,12428,Maryland,Turkmenistan
Tyler Obrien,1989-07-08,377-570-2872x042,xrobinson@example.net,"568 Jackson Square Apt. 488
East Helenshire, AR 96269",Sales executive,115510,80253,Michigan,Mali
Daniel Walker,1990-10-28,628.672.7323,maryking@example.org,"PSC 6331, Box 4718
APO AP 11086",Water quality scientist,43320,00892,Oregon,Angola
Jordan Lewis,1992-09-10,001-697-328-0659x39932,shortbrandon@example.org,"89783 Rhonda Point
Ryanburgh, WI 11152","Administrator, sports",60851,61621,Maine,Tokelau
Sergio Barnes,1981-03-27,941-294-5169x5268,umorris@example.net,"88440 Larry Path Suite 716
Orozcoville, LA 30766",Heritage manager,59070,67908,New Mexico,Thailand
Damon Young,1974-02-08,5049495075,zbailey@example.org,"PSC 7093, Box 9982
APO AP 48903",Logistics and distribution manager,102132,29753,Alaska,Burundi
