email,address,contact_number,state,name,country,income,date_of_birth,postal_code,occupation,income_normalized
ybell@example.com,"45346 Reynolds Camp Suite 015
Rachelmouth, MA 65976",+1-339-531-7253x500,Massachusetts,Jennifer Taylor,Philippines,49661,1979-01-27,3617,Consulting civil engineer,0.16057257659467605
monicafletcher@example.com,"978 Robert Keys Suite 974
New Shannon, MD 06995",(956)969-7326,Louisiana,Tamara Carter,Andorra,120253,1969-04-12,41475,"Nurse, learning disability",0.7514984095094592
perryerin@example.net,"Unit 2925 Box 2322
DPO AA 91198",+1-247-670-8779,West Virginia,Daniel Bates,Guam,44425,1966-07-27,57611,Equities trader,0.11674200569228194
wcox@example.org,"872 Strong Hills
Kennethhaven, NJ 50824",001-853-278-2412,South Dakota,Andrea Wright,Venezuela,133088,1973-11-01,20759,Financial trader,0.8589402310396785
jacobvillanueva@example.net,"4548 Andrew Plains
North Karenburgh, NV 74486",712-648-4234x817,Ohio,Mr. Brian Olson,Belgium,32492,2000-12-24,91943,"Pharmacist, community",0.016850828729281786
idavis@example.org,"1057 Jaime Island
New Timothyshire, RI 17140",734.213.7548,Nebraska,Theresa Howard,Norway,68667,2002-11-14,6190,IT trainer,0.31967185668843134
arthur64@example.org,"50136 David Groves Apt. 638
North Kellyview, NC 24136",965-878-2850x65833,Arizona,Tammy Wright,Venezuela,103041,2003-10-07,21162,Electrical engineer,0.607416708521681
fmarshall@example.com,"USNS Donaldson
FPO AP 71387",343.240.1545x729,Vermont,Ellen Mcclure,British Virgin Islands,146410,1992-09-05,36693,Database administrator,0.9704587309559685
elizabethfoster@example.net,"9895 Lee Throughway
Lake Michael, PW 94763",861-493-6468,Hawaii,Karen Johnson,Honduras,140129,1988-03-20,16206,Lobbyist,0.917880462079357
maryowens@example.net,"924 Stevenson Lane Suite 169
East Laura, DE 50825",+1-933-281-3021x84084,Indiana,Kurt Rush,Grenada,41116,1964-07-16,45991,Neurosurgeon,0.08904235727440152
timothyvelazquez@example.net,"068 Padilla Mountain Suite 826
North Sean, WY 15594",(300)596-5963,Virginia,Dominic Hernandez,Svalbard & Jan Mayen Islands,142299,2000-04-21,63092,Phytotherapist,0.9360455382554831
kevinrobinson@example.net,"094 Martinez Mews
Parkstown, CT 34453",894.295.7776,Maryland,Peter Perry,Burundi,75465,2000-01-26,81656,"Development worker, community",0.37657793403649764
chris80@example.net,"791 Beth Mall Suite 487
East Michaelhaven, MD 12731",001-688-465-0752x9712,Illinois,Selena Anderson,Oman,125083,1969-08-12,7184,Geochemist,0.7919303532563202
bboone@example.com,"94771 Carly Manor Suite 587
New James, KS 53581",751-746-6666x60200,Montana,Leslie Trevino,San Marino,50765,2000-01-29,99233,Ambulance person,0.16981416373681568
nicholas19@example.net,"USS Evans
FPO AE 50441",001-528-615-0956x2495,West Virginia,Steven Glover,Pitcairn Islands,71060,1973-09-20,52261,"Engineer, manufacturing systems",0.33970366649924666
lewispatricia@example.net,"99826 Anna Pass
South Kristen, ND 38071",(476)654-0144,Arizona,Kelly Hodge,Pakistan,46901,1978-03-08,30471,Sports administrator,0.13746860873932698
frankreed@example.org,"586 Stout Burg Suite 421
New Christinaville, AR 04159",(609)978-1411,Delaware,Kevin Wallace,Dominican Republic,128745,1995-05-23,28522,Health physicist,0.8225849656788884
paulataylor@example.net,"0582 Joshua Crest Apt. 038
Nicholsville, WA 06120",864-594-6439,Alabama,Ryan Hernandez,Liberia,44552,1996-10-11,23506,Editorial assistant,0.11780512305374186
diazdenise@example.net,"509 Harper Extension
New James, FM 43220",457.923.9531x15802,Alaska,Anthony Khan,India,54024,1974-06-04,59342,Actor,0.19709526201238908
katie64@example.org,"428 Christina Manor
Port Justin, ND 50379",857.274.3530,Arizona,Taylor Hernandez,Croatia,113751,1999-06-14,60937,"Surveyor, insurance",0.6970701490038507
peggybraun@example.org,"4633 Weeks Forges Suite 600
Port Carlport, MA 33205",001-567-436-4725x3405,Tennessee,Miranda Tyler,Australia,91324,1993-07-22,15662,Chief Strategy Officer,0.5093336681734472
jacobjones@example.net,"461 Paula Groves Apt. 626
West Barbaraborough, NV 39408",(342)521-7689x12917,North Carolina,Raymond Stuart,Egypt,53953,1978-10-07,49352,Veterinary surgeon,0.19650092081031312
whitney53@example.org,"41342 Maddox Roads Apt. 523
Toddshire, LA 39619",403.860.6830,Georgia,Amanda Young,French Guiana,90368,1984-06-28,82843,Recycling officer,0.5013309894525364
mgraves@example.com,"29047 Devin Parkways
Lake Johnbury, NV 08665",9907334472,Arizona,Kathryn Knox,France,51030,1965-05-02,63954,"Surveyor, land/geomatics",0.17203247949104306
deborahwallace@example.com,"Unit 8761 Box 9693
DPO AE 43921",+1-861-699-6873,Tennessee,Frank Page,Nigeria,74264,1987-01-04,10399,"Conservation officer, historic buildings",0.36652435961828234
cassie97@example.org,"Unit 1413 Box 0474
DPO AE 55029",355-581-4159x4161,Pennsylvania,Patrick Brown,Jersey,81522,1966-11-20,4266,Textile designer,0.4272810982755735
ykennedy@example.com,"386 Alicia Village
Markstad, WV 71100",210.936.9936x050,Arkansas,Jessica Moody,Paraguay,54003,1966-08-03,81452,Hotel manager,0.19691947095262013
hponce@example.org,"09689 Trujillo Curve
Ashleymouth, DC 40155",289.791.1740x7069,Oregon,Kathryn Pacheco,Mongolia,128916,1967-09-08,28672,Multimedia programmer,0.8240164071655784
calexander@example.com,"9259 Rogers River Suite 005
Reynoldsmouth, MP 28877",6486561508,Kentucky,Samantha Roberts,Slovakia (Slovak Republic),145382,2005-05-06,63325,Advertising account executive,0.9618533400301357
mendozamatthew@example.net,"856 Thomas Common Apt. 335
Donnastad, DE 77788",001-915-314-7251x36828,Nebraska,Donald Nelson,Bouvet Island (Bouvetoya),92038,1968-06-29,40206,Midwife,0.5153105642055918
jennifer82@example.org,"525 Stephen Wells
Andrewbury, WA 47482",9683967300,Oklahoma,Ashley Powers,Lithuania,107859,1994-08-14,76748,Scientific laboratory technician,0.6477482002343881
ywilliams@example.net,"1162 Romero Ports Suite 248
Herrerafurt, ME 25695",(724)680-0652,Tennessee,Sabrina Bruce,Moldova,149520,1993-12-21,31679,Occupational psychologist,0.996492549807467
pwood@example.org,"999 Hunter Hills Suite 645
Lake Chad, TN 61585",301.345.2572x073,Wyoming,Lisa Davidson,Palau,125204,1991-04-06,99717,Music therapist,0.7929432446007032
kristymartin@example.net,"529 Collins Points Suite 356
West Marie, HI 26580",458.820.1276x99005,Alaska,Sierra Martinez,Barbados,118923,1968-11-16,67224,"Designer, industrial/product",0.7403649757240918
davidharris@example.org,"3616 Kimberly Way Suite 487
West Shannon, DC 49762",(733)325-7898x777,Georgia,Anthony Sanchez,Poland,146626,2006-04-02,43816,Special educational needs teacher,0.9722668675707351
fostercameron@example.net,"98312 Michelle Mountain Suite 323
Gilesport, VT 32403",(418)507-9999x228,Louisiana,Jessica Espinoza,Hong Kong,80079,1990-02-14,44313,Chartered accountant,0.415201741168592
katherinewhite@example.com,"543 Terry Greens Apt. 756
Carolineview, MD 38903",+1-815-687-2988x2067,Florida,Jose Harris,Croatia,148295,1972-05-11,6866,Automotive engineer,0.9862380713209442
matthew17@example.com,"5980 Angela Harbor
Sarahfurt, UT 60333",912.304.8426x20488,Vermont,Austin Daniel,Canada,104944,1964-12-07,29547,"Development worker, international aid",0.6233467269378872
john86@example.org,"62161 Rebecca Fork
New Richard, IL 55107",001-309-458-1337,Maryland,Derrick Vaughan,Vanuatu,56872,1977-02-24,52202,TEFL teacher,0.2209358781181986
kayla66@example.com,"PSC 2561, Box 6514
APO AA 51791",675.274.6761,Texas,Vincent Powell,Liberia,43855,1967-04-04,61168,"Runner, broadcasting/film/video",0.11197053406998159
tiffanyjohnson@example.com,"81699 Yates Alley
Christopherville, TN 84397",822-903-2639x0058,Tennessee,Daniel Stewart,Holy See (Vatican City State),139805,2000-02-10,76229,Counsellor,0.9151682571572075
stricklanderic@example.net,"965 Armstrong Center
West Christopher, MN 04704",529.505.8610x323,Colorado,Bradley Moore,Oman,47181,2002-01-14,78866,Chartered public finance accountant,0.13981248953624648
brobinson@example.com,"481 Thomas Ports Suite 485
Garzahaven, ND 85640",(618)652-4778,Alabama,Kevin Rose,Aruba,44110,1993-08-10,96350,Housing manager/officer,0.11410513979574755
richardcarlson@example.com,"4861 Gene Dam
Richmondshire, NC 23068",448-264-3903,Massachusetts,Christopher Phillips,Serbia,69772,1988-03-14,24080,Risk manager,0.3289218148334171
ubeard@example.org,"048 Collins Ports
New Vickie, PA 37971",+1-701-364-6875x7331,Kansas,Danielle Woods,Dominica,98960,1995-10-16,47543,Animal technologist,0.5732546459065796
bdalton@example.com,"925 Allen Crossing Apt. 229
Michaelside, MD 98125",590.919.3267x3919,New Mexico,Katie Phillips,Guam,66545,1997-07-27,94721,"Engineer, manufacturing systems",0.3019085886489201
tinaharding@example.org,"8294 Brooks Square
West Williamville, IA 73971",001-460-334-9449x65722,Delaware,Michael Reed,Lao People's Democratic Republic,43959,1994-10-19,59183,Operational investment banker,0.11284111836598026
fgarcia@example.com,"01799 Karen Manor Apt. 157
Tannermouth, AS 45564",842-591-5180,Connecticut,Angela Wilkinson,Guadeloupe,93399,1999-11-08,23602,"Teacher, adult education",0.5267034990791897
kjohnson@example.net,"18307 Bryan Rest Apt. 787
Alexisport, AK 10611",511-208-0290,North Carolina,Andrew Ingram,Sao Tome and Principe,53063,1968-07-07,26256,Brewing technologist,0.18905072827724761
jennifer09@example.org,"944 Wesley Prairie
Lindahaven, TN 06583",747.465.2124x9370,Pennsylvania,Andre Perry,Poland,72716,2002-11-18,4548,Writer,0.3535660472124561
benjamin61@example.net,"21685 Taylor Locks Apt. 473
Lake Colin, AZ 98517",754-265-9015,South Carolina,Maurice Valencia,Palestinian Territory,46575,2000-10-26,20538,Risk manager,0.13473966181148506
rodriguezmary@example.com,"8915 Corey Extensions Apt. 591
New Anne, WY 63589",4179838767,Arizona,Michelle Jones,Vanuatu,119312,1990-03-13,46925,Office manager,0.7436212958312406
jaredkelly@example.org,"58372 Rachel Springs
West Isabellatown, MI 38116",001-980-961-1225x08908,Illinois,Joshua Gutierrez,Czech Republic,144887,2004-04-29,62637,Architectural technologist,0.9577096936212959
pricemelissa@example.org,"1791 Ashley Wall
Port Stefanieview, VI 63786",475-567-7830,Iowa,Jeremiah Simon,Hong Kong,80622,1987-05-01,57127,"Education officer, environmental",0.4197471957140466
jessicaconway@example.com,"Unit 6626 Box 6019
DPO AA 75439",(482)253-3623x30461,Maryland,Heather Joseph,French Polynesia,67534,1965-05-11,27093,"Administrator, sports",0.3101875104637536
bavery@example.org,"606 Sergio Vista Apt. 815
Sheenaton, FL 10483",(372)651-5532,Maine,Christopher Cooper,Haiti,146434,1999-10-09,1477,"Engineer, biomedical",0.970659635024276
amy25@example.org,"7744 Andrew Shores
West Marthafurt, NC 31298",001-728-882-2092x557,New Mexico,Jeffrey Le,Gambia,99716,1965-04-18,50913,Building surveyor,0.5795831240582622
mwang@example.com,"523 Miller Forges
North Benjamin, GU 89667",480-900-5369x782,Utah,Daniel Beck,Vietnam,148913,2000-10-31,95484,Garment/textile technologist,0.9914113510798594
jeffreywallace@example.net,"488 Donna Village
West Sandraton, MI 19771",5387342856,Maine,John Edwards,Uruguay,134956,2005-03-15,57297,"Engineer, electrical",0.8745772643562699
wmartin@example.com,"69689 George Lodge
East Anthony, FM 66312",+1-949-382-1759,Ohio,Katherine Morales,United Arab Emirates,31859,1996-06-29,87305,"Designer, industrial/product",0.011551983927674536
davidnguyen@example.net,"8620 Rachel Meadows Suite 395
New Danielfurt, CA 84634",+1-502-845-8476,Rhode Island,Rachel Matthews,Guam,83879,2001-10-28,89055,Early years teacher,0.4470115519839277
nataliegarcia@example.com,"042 Haley Terrace
Mcneilside, NY 01342",(954)936-0343x3862,North Dakota,Kevin Franco,Panama,75408,2006-09-25,23696,Clinical psychologist,0.3761007868742675
dustindawson@example.org,"Unit 3263 Box 4367
DPO AA 61299",001-227-964-5091,California,Joseph Bush,Germany,48681,1982-07-06,12633,"Production designer, theatre/television/film",0.15236899380545793
bishopmary@example.net,"3989 Jason Walk
Floresshire, MT 36645",+1-497-312-3113x715,Missouri,Monique Cisneros,Comoros,67032,1991-09-19,66276,Occupational hygienist,0.30598526703499085
nflores@example.org,"3432 Hailey Tunnel Apt. 005
East Vincentmouth, IA 43552",871-539-8993,Tennessee,Jennifer Gonzalez,Lesotho,115214,1972-01-23,86030,Geoscientist,0.7093169261677549
taylorrichard@example.org,"Unit 3189 Box 9927
DPO AP 24125",001-507-964-9875x9449,New Mexico,John Bishop,British Indian Ocean Territory (Chagos Archipelago),79139,1996-07-21,30890,Careers adviser,0.40733299849321947
christinamoore@example.net,"18583 Browning Cape
Steinhaven, OR 63334",+1-246-910-2710,South Dakota,Angela Ramirez,Somalia,85699,1977-10-10,28061,"Psychotherapist, dance movement",0.4622467771639043
stewarteric@example.org,"96717 William Ferry
Murphyburgh, GU 29471",+1-438-911-2459x6880,Rhode Island,Charles Lloyd,United States of America,43629,2001-09-05,77782,"Programmer, multimedia",0.11007868742675375
rodrigueztimothy@example.net,"015 Amy Drives Suite 233
Stewartborough, VT 79391",(407)735-0680x97011,Virginia,Oscar Harris,Trinidad and Tobago,65762,1972-05-19,73892,Hospital doctor,0.29535409342039176
monica56@example.com,"283 Monroe Mountains Apt. 897
Fitzpatrickville, AL 80829",+1-771-377-4139,Texas,Jeremy Tyler,Zimbabwe,96980,1997-08-28,34389,Careers adviser,0.5566800602712205
cassandraacevedo@example.net,"552 Michael Ports
Vanessaland, MP 73737",(400)278-4500,Rhode Island,Lisa Carrillo,Angola,53606,1990-10-29,83511,Stage manager,0.1935961828227022
campbellbruce@example.org,"589 Blackwell Ports Suite 364
Jasonville, AZ 67394",573.374.7982x676,West Virginia,Gene Steele,Yemen,41076,1977-02-01,4095,"Designer, blown glass/stained glass",0.08870751716055586
diazrobin@example.net,"79071 Donald Extension Apt. 861
Lake Haydenton, ME 23427",271.236.4805x971,Vermont,Kelsey Mitchell,Mexico,149939,1968-01-08,82484,Health service manager,1.0
lisasandoval@example.org,"62592 Taylor Key
Lindsayport, TN 55013",+1-886-430-7227x0507,Illinois,Anthony Palmer,Tunisia,121775,1986-11-30,48024,Lawyer,0.7642390758412858
ndavis@example.com,"1703 Robin Fork
Skinnerport, AR 95326",+1-885-976-6432x4147,Minnesota,Phyllis Anderson DDS,Malaysia,77631,1970-08-03,18324,Land/geomatics surveyor,0.3947095262012389
thomastravis@example.com,"PSC 4110, Box 2585
APO AP 39757",202.932.2077,Maryland,Courtney Jones,Morocco,143144,1980-10-16,8668,Purchasing manager,0.9431190356604722
hintoncynthia@example.com,"490 Smith Stream Apt. 240
Kingport, AK 58456",304.992.3940,Connecticut,Megan Sheppard,Iran,90623,1996-08-07,50781,Special educational needs teacher,0.5034655951783024
hoffmanmargaret@example.org,"94478 Koch Mews Suite 338
Robertchester, MA 59880",+1-562-897-8873x67422,Oregon,Casey Barton,Libyan Arab Jamahiriya,100488,1984-03-31,25336,Community development worker,0.586045538255483
kevin82@example.com,"Unit 1572 Box 7139
DPO AA 38626",+1-826-627-6889x782,Oregon,Gabrielle Jones,Myanmar,95409,1966-03-18,97721,Medical sales representative,0.5435292147999331
michael75@example.net,"095 Lauren Mount
Lake Jeremy, WV 68625",7055153867,North Dakota,Tiffany Contreras,Wallis and Futuna,66958,1968-11-14,22769,Applications developer,0.30536581282437636
ryan13@example.net,"USNS Lam
FPO AP 84479",2903627809,Missouri,Jeremy Oconnell,Malta,66334,1978-11-20,97422,Nutritional therapist,0.3001423070483844
hdickerson@example.com,"6679 Coleman Port Apt. 345
New Joshuashire, IN 35072",875-634-6190x5553,New Mexico,Theresa Stewart,Angola,99300,1977-05-03,48074,"Engineer, agricultural",0.5761007868742676
anthonymeagan@example.org,"1322 Potts Forks Apt. 521
Port Saramouth, OH 59558",(462)655-9373,North Carolina,Kimberly Adams,Saint Helena,57938,2001-07-08,95334,Secondary school teacher,0.22985936715218486
barbarajackson@example.org,"565 Alejandra Inlet
South Cameronport, MS 33919",(605)617-2702,Arizona,Diane Silva,Samoa,40395,2000-03-19,45189,Physiotherapist,0.08300686422233383
jgraham@example.org,"9550 Katherine Extensions Apt. 283
Hoodbury, AL 94956",(659)622-9951,South Dakota,Elizabeth Douglas,Guatemala,121539,1984-06-23,61069,Research scientist (life sciences),0.7622635191695966
doconnor@example.org,"43626 Steven Place Apt. 888
Andersonbury, GU 97944",6138792467,Colorado,Veronica Medina,United States Minor Outlying Islands,40120,1996-02-14,78396,"Producer, radio",0.0807048384396451
cynthia05@example.net,"6626 Kennedy Fords Apt. 996
Weaverland, ID 26226",+1-449-331-5332x5045,Texas,Daniel Hurst,Somalia,43508,1982-10-30,76943,Careers information officer,0.10906579608237071
juliejohnson@example.com,"7814 Clark Green Suite 026
Rodriguezfurt, MS 32701",(510)321-0654x860,Illinois,Taylor Lane,Belarus,84530,1976-09-16,91499,"Accountant, chartered public finance",0.45246107483676545
lindsay34@example.net,"3454 Eric Avenue Apt. 498
East Amanda, MO 16727",(971)445-7013,Georgia,Walter Martin,Saint Vincent and the Grenadines,119088,1968-01-22,25118,Maintenance engineer,0.741746191193705
martinlisa@example.net,"4029 Stephen Forge
Evansburgh, PW 30311",001-282-981-8622x8274,New Jersey,Daniel Morgan,Belize,51075,1965-12-04,96468,Arboriculturist,0.17240917461911937
samuel89@example.org,"19491 Jamie Pike
Weekshaven, NH 13042",(671)670-3317,Idaho,Dawn Robinson,Gibraltar,72942,1973-02-26,27328,"Administrator, charities/voluntary organisations",0.35545789385568394
elizabethkennedy@example.com,"791 Walter Valleys
Coltonfort, ND 34752",992-515-8779,Iowa,Timothy Thomas,Latvia,57247,1998-08-15,53097,Airline pilot,0.22407500418550147
rprice@example.com,"064 Adrian Alley Suite 874
New John, NJ 77422",(761)691-6507x28812,New Jersey,Melanie Smith,Tonga,75363,2000-01-31,38081,"Librarian, public",0.37572409174619126
marvinmartinez@example.net,"USNS Smith
FPO AA 53442",2339880715,Vermont,Marcus Clark,Martinique,105033,1967-02-22,31872,Purchasing manager,0.6240917461911938
hamiltonvincent@example.org,"53126 Gabrielle Meadow Suite 924
Lake Roy, OH 80848",2393075083,Indiana,Ashlee Crawford,Svalbard & Jan Mayen Islands,74490,1968-01-22,75182,Visual merchandiser,0.36841620626151017
zgood@example.net,"35284 Crawford Highway Suite 257
Yoderside, IL 19732",8723630113,Delaware,Dana Zamora,Greenland,67863,1983-11-25,88225,Corporate investment banker,0.31294157040013393
cdiaz@example.org,"41337 Mcbride Center
Williamsonton, AS 95194",001-355-842-7275x58616,North Dakota,Andrew Murphy,Cameroon,79139,1986-10-20,15258,"Journalist, broadcasting",0.40733299849321947
catherine81@example.com,"8719 Walter Track
Chadfurt, ID 82921",736-663-0836,Georgia,Alexander Rogers,Lithuania,30479,1999-07-20,23731,"Chemist, analytical",0.0
bray@example.com,"1766 Griffith Dam Apt. 955
East Michaelberg, HI 95135",+1-561-539-1223,South Dakota,Todd Pittman,Greece,115935,1996-03-29,75957,Architectural technologist,0.7153524192198225
christopher99@example.com,"78330 Jeffrey Spring Suite 485
East Meghan, NY 52185",282.918.5440,Nevada,David Edwards,Central African Republic,90772,1972-03-10,66258,Personnel officer,0.5047128746023773
estradajesus@example.com,"590 Perry Extension
Port Jacobtown, MS 71302",221-912-4163,Oklahoma,Scott Chavez,Sri Lanka,135194,1979-03-25,33522,Barrister's clerk,0.8765695630336514
donnawalsh@example.org,"9991 Hall Square Suite 830
Singhville, OH 94211",001-434-337-6759x96980,Alabama,Emily Johnson,Papua New Guinea,86256,1981-03-15,85396,"Designer, graphic",0.4669094257492048
nicole96@example.net,"0791 Ward Parkways Apt. 344
South Colin, PR 55740",+1-387-295-3557x33637,Arkansas,Leslie Bender,Jamaica,122718,1974-05-18,96109,"Psychologist, clinical",0.7721329315251968
josephrussell@example.org,"081 Melissa Isle
East Carolyn, OK 96455",253.280.7519x4293,South Carolina,Lindsay Macias,Lithuania,97424,2000-09-19,13395,Environmental education officer,0.5603967855349071
duncanjoseph@example.com,"018 Sheryl Cove
West Stefanieport, GA 99263",857-413-0209,Nebraska,Samantha Tucker,Congo,147701,1989-03-19,60929,Plant breeder/geneticist,0.9812656956303365
santosheather@example.com,"PSC 5904, Box 5355
APO AA 53836",001-256-915-6248,West Virginia,Christopher Copeland,Micronesia,48726,1987-08-15,87769,"Development worker, community",0.15274568893353424
dschneider@example.net,"136 Grant Green
New Tyler, NV 08851",(482)604-0860,Arizona,Samantha Smith,Solomon Islands,58096,1965-09-23,29398,General practice doctor,0.23118198560187514
amandashort@example.net,"7755 Kimberly Shore Apt. 249
Scotttown, SC 79270",001-688-463-2106x912,Missouri,John Vasquez,Korea,123264,1971-02-15,54460,"Embryologist, clinical",0.7767034990791897
amy90@example.net,"301 Christine Shoal
West Kimberly, DC 95212",(488)800-4964x442,Virginia,Mr. Patrick Black,Poland,101930,1970-07-21,79919,Higher education lecturer,0.5981165243596183
courtneybradley@example.com,"PSC 7051, Box 5963
APO AP 81048",001-505-266-0678,South Carolina,Brian Snyder,Haiti,138168,1966-11-22,53577,"Surveyor, building control",0.9014649254980747
jacksonjimmy@example.org,"107 Chang Port
Lake Jeffrey, KS 60272",755.743.4079x02455,North Dakota,Timothy Carlson,Costa Rica,35068,1985-04-11,26779,"Accountant, chartered public finance",0.03841453206094092
vwilson@example.com,"70136 Small Streets Suite 722
Charlesshire, WI 68103",858-311-1467x71247,Hawaii,Lawrence Meyers,Yemen,100782,2000-12-31,87996,Sales executive,0.5885066130922485
katrina91@example.com,"5810 York Mountain Suite 633
Danielview, WY 28313",001-802-837-8470x20362,Nebraska,Kevin Morrison,Mexico,111113,1986-10-17,67894,Sales executive,0.6749874434957308
bellamy@example.org,"Unit 1890 Box 4064
DPO AP 91313",876-959-6698x2486,Nebraska,Brittany Warren,Bulgaria,127260,1996-11-17,34627,Fisheries officer,0.810154026452369
lozanobrandi@example.net,"810 Courtney Inlet Apt. 588
Heatherborough, NJ 91054",001-558-512-9038x5967,North Carolina,Troy Lyons,Turks and Caicos Islands,38596,2001-07-07,2103,Restaurant manager,0.06794743010212623
stephanie05@example.org,"1035 Wayne Skyway
Wangville, WI 78263",001-595-804-5625x10835,Kansas,John Haley,Kiribati,39495,1982-09-25,75753,Astronomer,0.07547296166080697
parkerjustin@example.com,"892 Jorge Courts
New Erikburgh, MT 18978",570-839-7881x670,Utah,Timothy Lambert,Panama,101761,1975-04-24,58465,"Scientist, physiological",0.5967018248786204
jason64@example.net,"USS Alexander
FPO AA 95408",633.994.2480,New Jersey,Katie Adams,Slovenia,70164,1990-05-09,19949,Food technologist,0.3322032479491043
william42@example.org,"72198 Jasmine Burgs Suite 747
Erikahaven, IL 86104",+1-774-429-3984,California,Teresa Mccoy DDS,Guyana,30897,1977-09-22,28814,Sports development officer,0.003499079189686949
poolerobert@example.net,"6964 Angie Oval Apt. 854
New Diana, AZ 27170",001-309-382-9474,Tennessee,Nicholas Clark,Aruba,46854,1993-01-14,65879,Insurance broker,0.13707517160555838
markschmidt@example.net,"95853 Makayla Mills
Kellyborough, HI 10390",+1-834-326-4065,Iowa,Jennifer Ingram,Hungary,136896,1974-06-21,99794,"Doctor, hospital",0.8908170098777835
stephen40@example.net,"589 Carter Grove
Lake Richard, KS 91871",(508)612-8661,Louisiana,Robert Adams,Cote d'Ivoire,108201,1979-06-27,33145,"Teacher, adult education",0.6506110832077683
ianroy@example.org,"25607 Bell Rapids
Martinfurt, MH 47337",392.271.6572x979,Oregon,Robert Anderson,Estonia,32567,1982-11-07,75871,Early years teacher,0.01747865394274234
jessicawilson@example.net,"7913 Meadows Branch
East Charles, DC 63807",572-788-7335x050,Wyoming,Beverly Kirby,Falkland Islands (Malvinas),60526,1980-09-29,3310,"Lecturer, further education",0.2515235225179977
veronica50@example.com,"874 Ford Grove
Lake Michael, GA 97288",(730)991-1446x50653,Mississippi,Erica Smith,Maldives,87294,1980-05-09,10933,Tour manager,0.4755985267034991
cynthiaowens@example.net,"Unit 2168 Box 8671
DPO AA 78868",001-307-701-3545,Michigan,Jose Sanchez,Haiti,114499,1989-12-22,83737,Government social research officer,0.7033316591327642
amy73@example.com,"72505 Denise Village Suite 513
West Jasminemouth, IL 97000",(443)964-6445,Hawaii,Patrick Pitts,Korea,128506,1981-01-02,23208,Holiday representative,0.8205842959986607
griffinalison@example.net,"59888 Jorge Passage
Westburgh, PR 64296",(806)507-3012,Massachusetts,Ruth Smith,Cyprus,46854,1987-12-23,63542,"Editor, commissioning",0.13707517160555838
brittneybush@example.net,"363 Martinez Loop Apt. 142
Jillianland, MH 83665",(727)512-6114x398,Washington,Cassandra Calhoun,Montserrat,66443,1999-11-16,91960,"Designer, multimedia",0.30105474635861373
holmesmichael@example.net,"50583 Michael Vista Suite 191
Nancytown, KS 83632",+1-519-844-9804x80161,Arizona,Erica Flores,Wallis and Futuna,73652,1987-11-06,17341,Marine scientist,0.36140130587644403
kreyes@example.net,"6596 Katherine Mall
Port Rogerport, LA 09120",795-675-2988x077,Massachusetts,Karen Powell,Jordan,106192,2001-03-27,3400,"Designer, interior/spatial",0.6337937384898711
eric17@example.net,"3659 Heather Courts Suite 258
Nobleport, MN 00831",001-547-660-1254x440,Arkansas,Stephanie Potter,Chile,117766,1990-11-30,75434,Herbalist,0.7306797254311067
bruce47@example.com,"67663 Hughes Brook
West Timothy, CA 53756",437-914-4882,Arizona,David Hernandez,Malta,89069,1972-06-29,41899,Diplomatic Services operational officer,0.4904570567553993
nancygarcia@example.net,"921 Gutierrez Prairie
Carterfurt, NE 23262",279.514.6581,Mississippi,Lisa Lindsey,French Southern Territories,36712,1976-01-25,59185,Chief Operating Officer,0.052176460739996655
bobbybaker@example.net,"249 Michael Pike Apt. 001
Port Mary, AZ 12743",+1-540-592-3835x68006,Alabama,Christina Zamora,Palau,122016,1978-07-10,74868,"Engineer, agricultural",0.7662564875272058
james84@example.net,"6828 Valerie Valley Suite 393
Smallside, TN 54304",(263)522-3988,Washington,Ronald Simon,Korea,95341,1968-09-10,24851,Sports development officer,0.5429599866063954
zbradshaw@example.net,"6642 Bailey Club Suite 795
Port Samanthashire, AS 55349",889.771.1754x118,Montana,Matthew Schwartz,Bouvet Island (Bouvetoya),77134,1992-05-23,43184,Health visitor,0.39054913778670686
alison38@example.com,"92053 Melissa Walks Suite 899
Johnsonport, MN 03744",+1-608-298-3044,South Carolina,Patrick Proctor,Liechtenstein,40696,2004-05-08,3916,Information systems manager,0.08552653607902228
timothy42@example.org,"1571 Carr Walks Apt. 889
Port Johnmouth, NE 26285",4002032169,Ohio,Adam Peterson,Vanuatu,138401,1972-07-14,34460,Radio producer,0.9034153691612254
qharris@example.org,"3018 Laura Knolls Suite 913
South Victoria, SD 82143",(576)824-0575x8062,Connecticut,James Hernandez,Qatar,34749,1972-02-25,99597,"Scientist, water quality",0.03574418215302194
patrick31@example.org,"2117 Maria Stravenue Apt. 198
Lake Alejandro, AS 10743",(670)553-1436x33272,Massachusetts,Laura Johnson,British Virgin Islands,95253,1970-02-28,85489,Warehouse manager,0.5422233383559351
markweber@example.com,"651 Baker Path
Port Cynthia, MS 75648",663.293.2080x278,Washington,Tracy Harvey,Lesotho,142500,1968-11-24,49512,"Accountant, chartered certified",0.9377281098275574
frazierbryan@example.org,"1776 Tammy Cliffs
East Erikastad, UT 19307",455.611.0540,Nebraska,Samantha Williams,French Polynesia,56883,1982-11-20,26509,Broadcast engineer,0.22102795914950613
bruce33@example.net,"7983 Ramirez Ramp Apt. 983
Ballardton, NE 81419",(507)705-8677x800,Kentucky,Stephanie Lozano,Sri Lanka,116873,1981-02-12,96247,Publishing rights manager,0.7232044198895028
cathywallace@example.org,"4131 Melanie Lane Suite 877
Walkerview, GA 02536",9244101299,Hawaii,Anita Vance,Brazil,91766,2006-07-24,80499,Financial trader,0.5130336514314415
anthonyanderson@example.net,"3059 John Mall
Robbinshaven, ME 83465",001-829-938-3254x972,Hawaii,Gwendolyn Acosta,Bangladesh,123221,1967-07-30,72713,Passenger transport manager,0.7763435459568055
tphillips@example.com,"152 Ali Path
New Steven, CA 04116",370-341-5498,North Carolina,Cynthia Riley,Mali,85921,1966-05-05,74707,"Scientist, water quality",0.4641051397957475
johnathan57@example.net,"41271 Christina Well Suite 952
Marytown, PW 80613",001-964-480-2408x8607,Idaho,Joel Hawkins,Yemen,85648,1996-05-21,41066,Haematologist,0.4618198560187511
morganbell@example.org,"054 Deanna Underpass Apt. 414
West Karen, PA 93773",424.842.7172x1233,New Hampshire,Melody Burns,Korea,56938,1966-08-15,99787,"Psychotherapist, child",0.2214883643060439
yatesrobin@example.com,"140 Holmes Mission Apt. 140
Watersmouth, OH 17842",(541)917-8409,Nevada,Patricia Ruiz,Bermuda,97373,1978-06-14,98514,Tour manager,0.5599698643897539
jennifersmith@example.com,"24190 Rachel Hollow Apt. 876
Leslieport, ND 81979",209-966-3955,North Dakota,Yvette Welch,Iraq,47020,1990-07-01,45253,Occupational therapist,0.13846475807801778
mbrown@example.org,"09193 Martin Corners Apt. 763
South Jeffreyton, DE 32284",346-778-7690x78941,Arizona,Robert Edwards,Mexico,114767,2004-06-13,16030,Acupuncturist,0.7055750878955299
moorerichard@example.org,"7817 Riley Throughway
South Pamela, AS 42519",001-810-485-7012x2865,New Mexico,Mackenzie Macias,Korea,130095,1998-03-20,85314,"Engineer, agricultural",0.8338858195211787
barnesbrian@example.net,"USNV Carney
FPO AP 73524",3777062391,Illinois,Mark Callahan,Sweden,137386,1998-12-01,50650,Clinical research associate,0.8949188012723925
jimrollins@example.net,"545 Peterson Green Apt. 882
Port Wendy, PA 81915",(219)914-7885x60487,Maryland,Joshua Melton,North Macedonia,140252,1993-01-26,93904,Osteopath,0.9189100954294325
shanson@example.net,"677 Thomas Islands Suite 616
Lake Jonathanport, AK 89216",(858)760-5072,Missouri,Joseph Anderson,Portugal,31202,2005-04-19,69376,Management consultant,0.006052235057759925
vcobb@example.net,"2190 Kenneth Glen Suite 331
Berryburgh, CT 05527",765.538.0341x14943,Massachusetts,Joshua Schultz,Canada,137710,2003-08-06,4802,Music therapist,0.8976310061945421
kara37@example.com,"03451 Mercado Ports Suite 965
Lake Johnny, GU 10782",4345027443,Texas,Joseph Tapia,Jersey,41923,1980-10-04,20155,Animator,0.09579775657123724
emeyer@example.org,"445 Matthew Mews
East Cesarmouth, ME 59137",932-734-0011x2926,South Dakota,Kyle Summers,Albania,142065,2000-08-27,12082,Media buyer,0.9340867235894861
kellywest@example.com,"2801 Wilson Gateway
Allenfurt, NC 90534",(841)601-5096,Washington,Darren Cole,Liechtenstein,111349,1995-01-03,6928,Ambulance person,0.6769630001674201
shamilton@example.net,"PSC 4606, Box 0719
APO AE 69689",659-491-3993x4770,Wyoming,Bruce Rice,Namibia,110052,1994-09-22,80545,Theatre manager,0.6661058094759752
reedvirginia@example.com,"60465 Mercado Squares
South Jesse, RI 91430",+1-676-781-5596,Ohio,Jose Williams,Malawi,57085,1998-04-12,98786,Legal executive,0.2227189017244266
robinlane@example.org,"1126 Marks Square
Benjaminberg, MA 80546",(339)925-2217x321,South Dakota,Karla Harris,Belarus,47517,1982-04-02,2419,"Psychologist, sport and exercise",0.14262514649254981
tammy97@example.net,"950 Williams Junction Apt. 851
East Ashley, MD 96720",485-212-0857,Minnesota,Michael Wagner,Netherlands Antilles,43237,2002-04-24,72310,Mining engineer,0.10679725431106646
robert24@example.org,"2750 Robinson Pike Suite 450
West Cody, NJ 76151",515-685-7398x26301,Maryland,Michelle Cooke,Macao,88306,2003-06-07,54787,Television/film/video producer,0.4840699815837938
christopher30@example.net,"95913 Wagner Inlet
New Candice, MH 54743",580-910-2123x59637,Nevada,Robert Bailey,Togo,132493,2002-10-31,6725,Orthoptist,0.8539594843462248
elizabethbernard@example.org,"85271 Lawrence Locks Suite 745
West Amanda, FM 58119",+1-843-307-4976x89532,Alabama,Thomas Miranda,Switzerland,58462,2000-02-25,7909,"Production assistant, television",0.23424577264356272
lbradford@example.net,"300 Gentry Summit
South Sarahchester, AZ 93114",001-608-514-2362x820,Washington,Christopher Torres,Nauru,110159,1972-06-25,74863,Insurance account manager,0.6670015067805123
xlloyd@example.com,"PSC 5143, Box 1962
APO AE 18279",434.305.4934x7055,Arkansas,Angela Davis,Cambodia,99210,1987-08-16,7798,"Production assistant, television",0.5753473966181148
elizabethwells@example.net,"12613 Sara Parkway
Lake Jeffrey, IL 16641",(404)944-1293x6738,Washington,Angela Reyes,Tuvalu,90738,1990-09-22,1197,Hospital doctor,0.5044282605056086
elizabethbarnes@example.org,"2002 Christopher Motorway
Ginaland, WA 56811",+1-450-764-7082x776,Tennessee,Linda Gibson,Vietnam,130598,1978-04-17,2722,Industrial buyer,0.8380964339527877
rodonnell@example.org,"413 Danny Station Apt. 662
Lake Walterview, OR 71922",(505)318-0286,Vermont,Madison Young,Anguilla,100602,1993-01-06,96339,Paediatric nurse,0.5869998325799431
peterstevens@example.com,"457 Wong Island Suite 948
West David, GA 52790",+1-791-812-0819x67326,Minnesota,Mandy Rios,Tokelau,36662,1996-03-05,61616,Hospital pharmacist,0.05175791059768964
mgordon@example.org,"192 Karl Harbor
South Jenny, NJ 09800",001-892-263-7598,Indiana,Karen Fletcher,Netherlands Antilles,58579,1997-08-21,74927,Academic librarian,0.23522517997656123
jamie84@example.net,"Unit 7162 Box 7840
DPO AA 82235",001-557-489-5058x781,Minnesota,Margaret Mayer,Turkmenistan,121127,2000-10-11,5166,Music tutor,0.7588146659969865
bryan53@example.net,"735 Buckley Shoal
Davisborough, PR 05378",(220)206-5515x2312,Utah,Bryce Leblanc,Saint Martin,144652,2003-10-10,82184,"Scientist, research (life sciences)",0.9557425079524526
john49@example.com,"338 Sarah Meadows Suite 764
Brianport, MA 21364",765.897.9212,Washington,Patricia Jones,North Macedonia,57658,2006-12-04,50620,Lobbyist,0.22751548635526536
hatfieldcharles@example.net,"30732 Justin Haven Apt. 481
Donnaland, TX 21174",(863)376-9437x356,Ohio,Cheryl Ruiz,Tonga,129358,2005-12-03,36630,"Engineer, chemical",0.8277163904235727
qhughes@example.com,"570 David Court Apt. 393
West Michael, NM 92191",672-730-7867,Alabama,Travis Martinez,Algeria,138420,1996-12-27,82497,Hydrographic surveyor,0.9035744182153023
johnsonmichael@example.org,"047 Michelle Route
Robertmouth, RI 19801",001-565-371-5030x9816,Montana,Michael Turner,American Samoa,142111,2001-09-29,22278,Homeopath,0.9344717897204085
margaret31@example.org,"763 Eric Expressway
Tammymouth, MD 62620",(850)283-2794,Missouri,Connie Garcia,Bangladesh,34886,1998-01-17,53722,Manufacturing engineer,0.036891009542943276
rgilmore@example.org,"PSC 6094, Box 5523
APO AE 13313",001-496-814-8478x7838,Delaware,John Hopkins,Thailand,104423,1985-04-02,50760,"Therapist, nutritional",0.6189854344550477
oschwartz@example.com,"PSC 3567, Box 1834
APO AP 98494",652-303-2137x354,Texas,Amanda Smith,Greenland,121150,1989-02-22,33535,Jewellery designer,0.7590071990624476
meyerjohn@example.net,"7380 Christopher Unions Apt. 276
East Kaylee, FL 64564",436-860-5586x202,Missouri,David Hughes,Namibia,71039,1977-11-17,62571,Product/process development scientist,0.3395278754394777
annacarson@example.net,"98673 Carrie Expressway Suite 347
Rochahaven, NH 34941",913.516.9382x94852,Missouri,Sara Miller,Kyrgyz Republic,37419,1997-05-01,77808,Exercise physiologist,0.05809475975221834
kelleytonya@example.com,"34829 Bryant Plaza
Amandaport, NE 35838",001-414-251-4900x3981,Connecticut,Barry Wilson,South Africa,39496,1969-09-21,2776,Physiotherapist,0.07548133266365314
haynesmichael@example.com,"75190 Anna Turnpike Apt. 794
East Leeland, TX 66183",943-641-1422x705,Georgia,Christy Gray,Turkmenistan,100727,1979-04-29,22229,"Embryologist, clinical",0.5880462079357107
ronaldtaylor@example.org,"339 Valencia Village Apt. 645
East Amy, AK 71130",(577)872-5073x751,California,Christopher Fletcher,Spain,34189,1968-11-04,84360,Building control surveyor,0.031056420559183007
adelacruz@example.org,"961 Sherri Vista Apt. 824
Moralesborough, AL 25392",(274)608-4809x824,Wyoming,Timothy Estrada,Tajikistan,82795,1997-08-26,20434,Telecommunications researcher,0.4379373848987109
janice00@example.net,"26382 Horton Stream Suite 758
Edwardhaven, MT 04448",625-348-1888x2040,Connecticut,Preston Sanchez,Brunei Darussalam,69292,1995-02-08,39728,Financial adviser,0.3249037334672694
nicholas19@example.net,"323 Freeman Underpass Apt. 491
North Allisonburgh, WY 14392",(249)911-9026x30166,Indiana,Lauren Abbott,Iraq,50252,2006-05-13,77231,Management consultant,0.16551983927674535
trevor56@example.net,"37113 Jonathan Land Apt. 566
Lake Connie, NY 22842",(659)755-7731x3498,Louisiana,Louis Flores,Holy See (Vatican City State),141216,1977-12-27,84247,Energy manager,0.9269797421731123
dbennett@example.org,"820 Roth Walk
Amberfort, DC 31728",672.875.7907x3704,Connecticut,Christine Ingram,Guernsey,100329,1966-05-04,67274,Emergency planning/management officer,0.5847145488029466
nicholasbuck@example.org,"60043 Hughes Fords Suite 151
Samuelmouth, KY 65045",599-269-4701x651,New York,Dr. Kyle Steele,Turkmenistan,138765,1986-04-14,69632,IT trainer,0.9064624141972208
jonathanflores@example.com,"717 Adams Heights
Lake Ashley, VA 74175",(777)639-8064x6543,Maryland,William Byrd,Turkmenistan,80538,1996-04-17,12428,Legal executive,0.4190440314749707
xrobinson@example.net,"568 Jackson Square Apt. 488
East Helenshire, AR 96269",377-570-2872x042,Michigan,Tyler Obrien,Mali,115510,1989-07-08,80253,Sales executive,0.7117947430102126
maryking@example.org,"PSC 6331, Box 4718
APO AP 11086",628.672.7323,Oregon,Daniel Walker,Angola,43320,1990-10-28,892,Water quality scientist,0.10749204754729619
shortbrandon@example.org,"89783 Rhonda Point
Ryanburgh, WI 11152",001-697-328-0659x39932,Maine,Jordan Lewis,Tokelau,60851,1992-09-10,61621,"Administrator, sports",0.25424409844299345
umorris@example.net,"88440 Larry Path Suite 716
Orozcoville, LA 30766",941-294-5169x5268,New Mexico,Sergio Barnes,Thailand,59070,1981-03-27,67908,Heritage manager,0.23933534237401644
zbailey@example.org,"PSC 7093, Box 9982
APO AP 48903",5049495075,Alaska,Damon Young,Burundi,102132,1974-02-08,29753,Logistics and distribution manager,0.5998074669345388
